Index,City,Lat(N),Lon(E),ISO CODE,Country,new_region,Continent6,urban_grid_cells,Area(km2),Pop2015,GDP2015,developedFlag,coastalFlag,pixel_row,pixel_col,pixel_num,median,p10,pth5
ALG_008_Algiers,Algiers,36.69,3.09,DZA,Algeria,Africa,Africa,30,744,4,50.2,0,1,1144,508,581152,-1.655091643,0.092643152,-15.1078825
ANG_025_Huambo,Huambo,-12.78,15.75,AGO,Angola,Africa,Africa,2,60,0.4,4.3,0,0,361,325,117325,-0.367763102,0.004013807,-4.17184639
ANG_035_Luanda,Luanda,-8.89,13.29,AGO,Angola,Africa,Africa,21,639,7,57.4,0,1,726,567,411642,1.556446075,0.000734318,-1.6945014
ARG_263_BuenosAires,Buenos Aires,-34.7,-58.45,ARG,Argentina,South America,South America,60,1525,12,857.7,0,1,3324,2795,9290580,-0.009662725,0.009339775,-3.714346886
AME_444_Yerevan,Yerevan,40.14,44.45,ARM,Armenia,West centre Asia,Asia,19,449,1.4,24.2,0,0,873,840,733320,0.222898722,0.009132086,-4.997302532
AUS_409_Melbourne,Melbourne,-37.8,145,AUS,Australia,Oceania,Oceania,72,1759,3.5,336.7,1,1,4188,3573,14963724,-1.187432647,0.025313383,-6.594503403
AUS_397_Brisbane,Brisbane,-27.52,153.04,AUS,Australia,Oceania,Oceania,68,1861,2.1,190.6,1,1,2602,2560,6661120,-2.158811569,0.119342359,-16.85638428
AUS_420_Sydney,Sydney,-33.85,151.09,AUS,Australia,Oceania,Oceania,57,1463,3.9,414.2,1,1,1992,2499,4978008,-0.661410689,0.028772678,-6.757766724
AUS_411_Newcastle,Newcastle,-32.91,151.66,AUS,Australia,Oceania,Oceania,18,467,0.4,38.5,1,1,727,764,555428,-1.684861302,0.07933138,-12.91863632
AUS_414_Perth,Perth,-31.98,115.88,AUS,Australia,Oceania,Oceania,52,1362,1.7,230.5,1,1,2779,3482,9676478,-0.913430154,0.063557901,-10.84455013
AUS_395_Adelaide,Adelaide,-34.89,138.6,AUS,Australia,Oceania,Oceania,35,887,1.3,117.1,1,1,873,2005,1750365,-0.617861569,0.008321664,-4.385115147
ATR_212_Vienna,Vienna,48.18,16.38,AUT,Austria,Europe,Europe,34,703,2.2,277.7,1,0,920,720,662400,-0.773968816,0.011102113,-7.280778885
AZE_446_Baku,Baku,40.46,49.91,AZE,Azerbaijan,West centre Asia,Asia,31,730,2.4,69.1,0,1,3294,3502,11535588,-1.123764753,0.023357388,-7.024328709
BDE_223_Chittagong,Chittagong,22.35,91.83,BGD,Bangladesh,South Asia,Asia,2,57,2.2,8.1,0,1,445,856,380920,-5.846403599,0.416588346,-40.76337051
BDE_429_Dhaka,Dhaka,23.78,90.42,BGD,Bangladesh,South Asia,Asia,23,649,17,113.8,0,0,780,825,643500,-0.383859813,0.130632365,-19.55779648
BLS_197_Minsk,Minsk,53.88,27.57,BLR,Belarus,Europe,Europe,16,293,2.2,48.5,0,0,735,605,444675,-0.675553739,0.024590059,-7.913294315
BEM_170_Brussels,Brussels,50.9,4.35,BEL,Belgium,Europe,Europe,72,1409,2.5,301.4,1,0,869,882,766458,-0.038298123,0.002286547,-2.637669563
BOL_276_LaPaz,La Paz,-16.52,-68.18,BOL,Bolivia,South America,South America,8,236,1.5,18,0,0,3104,3587,11134048,-1.474126339,0.090094866,-13.80890274
BOL_300_SantaCruz,Santa Cruz,-17.79,-63.16,BOL,Bolivia,South America,South America,8,235,1.5,16.2,0,0,1988,1879,3735452,0.488626033,0.011354479,-4.740423679
BRA_269_Florianopolis,Florianopolis,-27.58,-48.6,BRA,Brazil,South America,South America,5,137,0.3,6.3,0,1,707,1399,989093,-7.936028481,0.458147256,-37.00916672
BRA_265_Campinas,Campinas,-22.94,-47.13,BRA,Brazil,South America,South America,48,1363,3.2,155.3,0,0,1974,1557,3073518,-0.931455076,0.046598905,-9.638599396
BRA_261_Brasilia,Brasilia,-15.86,-48.01,BRA,Brazil,South America,South America,16,474,2,71.5,0,0,2834,1663,4712942,-0.864507794,0.057052823,-10.53599453
BRA_291_PortoAlegre,Porto Alegre,-29.98,-51.13,BRA,Brazil,South America,South America,24,642,2.8,124.9,0,0,1411,2121,2992731,-1.306088209,0.196096861,-27.13597488
BRA_311_VilaVelha,Vila Velha,-20.34,-40.29,BRA,Brazil,South America,South America,12,347,1.4,40.2,0,1,446,397,177062,0.007594228,0.055277448,-10.66805077
BRA_305_SaoLuis,Sao Luis,-2.54,-44.24,BRA,Brazil,South America,South America,8,246,1.2,13.2,0,1,809,916,741044,-0.957469702,0.035460378,-8.280355453
BRA_258_Belem,Belem,-1.39,-48.42,BRA,Brazil,South America,South America,9,277,2,32.9,0,1,1199,1520,1822480,-1.911399364,0.137069669,-16.79809952
BRA_271_Goiania,Goiania,-16.72,-49.29,BRA,Brazil,South America,South America,19,561,2,82.5,0,0,1222,1398,1708356,-2.245178461,0.146004682,-19.68148041
BRA_286_Natal,Natal,-5.78,-35.25,BRA,Brazil,South America,South America,4,122,0.7,9.8,0,1,419,494,206986,-0.942264259,0.019861025,-6.095426559
BRA_295_RioDeJaneiro,Rio de Janeiro,-22.91,-43.21,BRA,Brazil,South America,South America,53,1506,10.2,480.9,0,1,2652,1613,4277676,-1.661441207,0.099258025,-17.24402428
BRA_312_Vitoria,Vitoria,-20.29,-40.31,BRA,Brazil,South America,South America,12,347,1.4,40.2,0,1,737,543,400191,-1.377444625,0.064102564,-11.56728649
BRA_279_Manaus,Manaus,-3.05,-60,BRA,Brazil,South America,South America,12,369,2.1,38.6,0,0,1233,1289,1589337,-1.157717466,0.079718673,-13.5087328
BRA_296_Salvador,Salvador,-12.93,-38.42,BRA,Brazil,South America,South America,7,210,2.4,4.3,0,1,1466,988,1448408,0.299436212,0.078619141,-13.25959587
BRA_294_Recife,Recife,-8.08,-34.92,BRA,Brazil,South America,South America,7,213,2.1,34.6,0,1,1358,1907,2589706,-1.988072395,0.100948788,-13.53954697
BRA_288_Niteroi,Niteroi,-22.88,-43.1,BRA,Brazil,South America,South America,40,1137,6.9,290.1,0,1,1448,684,990432,-0.741192102,0.016082737,-6.208237648
BRA_259_BeloHorizonte,Belo Horizonte,-19.9,-44.01,BRA,Brazil,South America,South America,30,869,4.6,160.1,0,0,1243,1357,1686751,1.493090391,0.034249394,-7.860296249
BRA_304_Santos,Santos,-23.89,-46.41,BRA,Brazil,South America,South America,19,536,2.2,108.7,0,1,386,348,134328,-1.48064959,0.029229138,-7.925041199
BRA_270_Fortaleza,Fortaleza,-3.79,-38.56,BRA,Brazil,South America,South America,14,430,3.3,48,0,1,1052,870,915240,-0.511578143,0.029437191,-6.008691788
BRA_306_SaoPaulo,Sao Paulo,-23.57,-46.63,BRA,Brazil,South America,South America,77,2177,20.5,1238.3,0,0,1814,2139,3880146,0.668436408,0.014561581,-4.158971786
BRA_268_Curitiba,Curitiba,-25.48,-49.27,BRA,Brazil,South America,South America,34,947,3.2,12.7,0,0,1371,1322,1812462,0.031603493,0.017092701,-5.38568306
BUG_207_Sofia,Sofia,42.69,23.36,BGR,Bulgaria,Europe,Europe,9,205,0.9,83,0,0,924,619,571956,-1.201898813,0.030461163,-8.055368423
BUF_044_Ouagadougou,Ouagadougou,12.36,-1.53,BFA,Burkina Faso,Africa,Africa,18,541,2.9,9,0,0,645,538,347010,-0.274700403,0.001477459,-3.178568363
CBD_473_PhnomPenh,Phnom Penh,11.56,104.89,KHM,Cambodia,Southeast Asia,Asia,6,181,1.6,7.4,0,0,1876,1542,2892792,-4.72375679,0.274186177,-25.46927834
CMR_021_Douala,Douala,4.05,9.73,CMR,Cameroon,Africa,Africa,6,184,2.7,14.8,0,1,494,461,227734,-1.152940392,0.03297363,-8.085430145
CMR_051_Yaounde,Yaounde,3.86,11.53,CMR,Cameroon,Africa,Africa,9,276,3.6,14.4,0,0,901,1246,1122646,-1.016468048,0.058364839,-10.79398251
CAN_374_Ottawa,Ottawa,45.38,-75.73,CAN,Canada,North America,North America,26,566,1.1,104,1,0,2692,2389,6431188,-0.141272306,0.103865789,-17.7554493
CAN_354_Edmonton,Edmonton,53.53,-113.49,CAN,Canada,North America,North America,28,517,1.1,123,1,0,1135,1443,1637805,-3.431684017,0.046288792,-9.669055939
CAN_346_Calgary,Calgary,51.07,-114.06,CAN,Canada,North America,North America,30,585,1.3,151.7,1,0,829,1023,848067,-0.460897774,0.020980623,-6.934456825
CAN_390_Toronto,Toronto,43.74,-79.47,CAN,Canada,North America,North America,60,1343,4.7,498.6,1,0,3155,2925,9228375,1.022156119,0.00367741,-2.148125887
CAN_391_Vancouver,Vancouver,49.2,-123.03,CAN,Canada,North America,North America,33,669,1.8,162,1,1,374,340,127160,-0.143546373,0.001046701,-2.37282753
CAN_369_Montreal,Montreal,45.55,-73.6,CAN,Canada,North America,North America,60,1302,3.5,305.4,1,0,1154,1151,1328254,0.614780426,0.001783932,-2.770226479
CLE_301_Santiago,Santiago,-33.48,-70.66,CHL,Chile,South America,South America,29,747,6.6,340.5,0,0,1967,1730,3402910,4.170619965,0.001525751,0.928963482
CHN_143_Xiangyang,Xiangyang,32.07,112.16,CHN,China,East Asia,Asia,8,209,1.1,17.9,0,0,829,927,768483,-0.34804821,0.015140125,-6.363793373
CHN_133_Tianjin,Tianjin,39.09,117.24,CHN,China,East Asia,Asia,78,1873,9.2,466.9,0,1,3078,3759,11570202,-14.45290756,0.617861079,-68.75780487
CHN_076_Handan,Handan,36.62,114.44,CHN,China,East Asia,Asia,51,1266,2.9,73.5,0,0,2474,1933,4782242,-1.761734962,0.195745748,-25.62885094
CHN_157_Zhengzhou,Zhengzhou,34.76,113.66,CHN,China,East Asia,Asia,18,457,4.6,94.7,0,0,1583,988,1564004,-9.104989052,0.440762776,-23.54850388
CHN_106_Mudangiang,Mudangiang,44.56,129.57,CHN,China,East Asia,Asia,11,243,0.9,19.5,0,0,1212,1470,1781640,-3.730865002,0.270277756,-24.59043312
CHN_145_Xiantao,Xiantao,30.38,113.43,CHN,China,East Asia,Asia,1,27,0.1,2.1,0,0,767,797,611299,-1.887451172,0.066850691,-11.17172432
CHN_156_Zhanjiang,Zhanjiang,21.23,110.38,CHN,China,East Asia,Asia,6,172,1.1,15,0,1,3503,4195,14695085,-6.6142416,0.377227394,-26.92892075
CHN_087_Jiamusi,Jiamusi,46.83,130.33,CHN,China,East Asia,Asia,13,276,0.9,21.7,0,0,2125,1892,4020500,-4.094944,0.374172373,-42.11846924
CHN_102_Luzhou,Luzhou,28.89,105.44,CHN,China,East Asia,Asia,3,81,0.4,7.5,0,0,1587,1892,3002604,-6.649422169,0.359444086,-26.17266083
CHN_117_Quanzhou,Quanzhou,24.85,118.62,CHN,China,East Asia,Asia,54,1511,5,184.8,0,1,2764,2842,7855288,-3.855549574,0.224576603,-19.75087357
CHN_099_Lu'an,Lu'an,31.76,116.53,CHN,China,East Asia,Asia,3,79,0.3,3.7,0,0,3455,3099,10707045,-5.825062752,0.351167783,-27.49959564
CHN_112_Nanyang,Nanyang,33,112.53,CHN,China,East Asia,Asia,6,155,0.8,37.2,0,0,3869,3507,13568583,-4.680235386,0.323983402,-34.73805237
CHN_119_Shangqiu,Shangqiu,34.43,115.64,CHN,China,East Asia,Asia,7,178,0.6,15.3,0,0,3445,2647,9118915,-4.354413986,0.307668557,-26.22968674
CHN_054_Baoding,Baoding,38.87,115.49,CHN,China,East Asia,Asia,49,1180,2.5,68.1,0,0,2160,1960,4233600,-2.016835213,0.192497233,-23.98412704
CHN_070_Fuzhou,Fuzhou,26.01,119.37,CHN,China,East Asia,Asia,35,970,4.3,144,0,1,2258,2759,6229822,-5.016896248,0.308712671,-27.3144722
CHN_056_Beijing,Beijing,39.92,116.37,CHN,China,East Asia,Asia,116,2753,20.9,818.6,0,0,2003,1904,3813712,-3.010343313,0.30227852,-37.77756882
CHN_091_Jining,Jining,35.44,116.64,CHN,China,East Asia,Asia,14,353,1.3,40.1,0,0,4328,2551,11040728,-4.627946377,0.296134426,-31.85970497
CHN_160_Zhuhai,Zhuhai,22.41,113.43,CHN,China,East Asia,Asia,10,285,1.8,100,0,1,1536,1630,2503680,-0.156965047,0.245704084,-42.91887283
CHN_130_Tainan,Tainan,22.98,120.24,CHN,China,East Asia,Asia,19,539,1.5,182.9,0,1,2155,1997,4303535,-4.876655102,0.260978,-18.2276268
CHN_101_Lupanshui,Lupanshui,26.58,104.88,CHN,China,East Asia,Asia,1,28,0.2,1.1,0,0,3312,2973,9846576,-4.106711388,0.279339342,-25.98579788
CHN_109_Nanchong,Nanchong,30.8,106.1,CHN,China,East Asia,Asia,4,106,0.7,16.7,0,0,2114,2169,4585266,-4.376722813,0.278823966,-22.36603737
CHN_103_Maanshan,Maanshan,31.74,118.53,CHN,China,East Asia,Asia,19,499,1.6,29.1,0,0,2958,2596,7678968,-3.765764475,0.249938309,-24.53244591
CHN_105_Mianyang,Mianyang,31.57,104.72,CHN,China,East Asia,Asia,11,289,0.9,29,0,0,2961,2324,6881364,-3.395457983,0.263198938,-24.55477905
CHN_066_Daqing,Daqing,46.57,125.01,CHN,China,East Asia,Asia,24,511,1.1,26.7,0,0,1442,1864,2687888,-5.115797997,0.262046013,-21.58758926
CHN_121_Shantou,Shantou,23.44,116.61,CHN,China,East Asia,Asia,68,1924,6.9,114.7,0,1,3325,2738,9103850,-4.428359032,0.244099517,-20.99378204
CHN_096_Leshan,Leshan,29.58,103.73,CHN,China,East Asia,Asia,1,27,0.2,0.8,0,0,3594,2762,9926628,-3.824820042,0.248603165,-21.55661201
CHN_078_Harbin,Harbin,45.75,126.63,CHN,China,East Asia,Asia,43,930,5.5,134.5,0,0,1343,1438,1931234,-5.401949406,0.258336583,-19.31304169
CHN_059_Changde,Changde,29.05,111.68,CHN,China,East Asia,Asia,2,54,0.4,7.1,0,0,2074,2531,5249294,-3.49067378,0.241696416,-21.8289547
CHN_071_Ganzhou,Ganzhou,25.81,114.91,CHN,China,East Asia,Asia,9,250,1.1,13,0,0,2472,2552,6308544,-4.706728935,0.26152459,-21.80681038
CHN_079_Hefei,Hefei,31.84,117.3,CHN,China,East Asia,Asia,23,604,4.3,83.7,0,0,1648,1888,3111424,-4.211150646,0.241992436,-20.40444565
CHN_082_Hohhot,Hohhot,40.81,111.65,CHN,China,East Asia,Asia,9,211,1.9,51.9,0,0,1134,780,884520,-4.560799122,0.233727273,-17.87654686
CHN_138_Wenzhou,Wenzhou,27.94,120.69,CHN,China,East Asia,Asia,40,1091,5.6,223.8,0,1,1766,2703,4773498,-3.00060153,0.23145491,-31.37976265
CHN_057_Benxi,Benxi,41.28,123.73,CHN,China,East Asia,Asia,8,186,0.8,30.5,0,0,1509,1937,2922933,-0.022854328,0.074330629,-12.16579342
CHN_067_Datong,Datong,40.02,113.23,CHN,China,East Asia,Asia,18,427,2,39.9,0,0,1127,1182,1332114,-4.652980804,0.215997542,-20.89813614
CHN_113_Ningbo,Ningbo,29.89,121.58,CHN,China,East Asia,Asia,31,830,3.6,139.6,0,1,2939,3160,9287240,-3.640342236,0.208632485,-20.93849945
CHN_126_Suining,Suining,30.5,105.58,CHN,China,East Asia,Asia,2,53,0.4,4,0,0,2536,3032,7689152,-1.188404083,0.211227918,-22.29470444
CHN_111_Nanning,Nanning,22.82,108.29,CHN,China,East Asia,Asia,9,256,2.6,45.6,0,0,1186,1090,1292740,-4.735765934,0.211925263,-17.75773048
CHN_058_Changchun,Changchun,43.89,125.3,CHN,China,East Asia,Asia,46,1027,4.2,142.1,0,0,1430,1472,2104960,-4.036257267,0.205523176,-18.82486725
CHN_115_Qinhuangdao,Qinhuangdao,39.94,119.58,CHN,China,East Asia,Asia,24,569,1.3,34.1,0,1,3324,3613,12009612,-2.344069004,0.195158033,-21.48365593
CHN_152_Yulin,Yulin,22.64,110.19,CHN,China,East Asia,Asia,11,313,0.9,17.7,0,0,1561,1362,2126082,-5.04880476,0.195373583,-17.18550491
CHN_132_Tangshan,Tangshan,39.69,118.19,CHN,China,East Asia,Asia,55,1309,2.9,74.4,0,1,1267,1250,1583750,-4.412607193,0.188210568,-20.22292137
CHN_090_Jinhua,Jinhua,29.11,119.61,CHN,China,East Asia,Asia,8,216,1,27.2,0,0,4122,3597,14826834,-2.489945412,0.188192886,-18.1727066
CHN_104_Maoming,Maoming,21.65,110.9,CHN,China,East Asia,Asia,11,315,1.1,14,0,1,2614,2051,5361314,-2.21257925,0.16656247,-18.80019951
CHN_120_Shangrao,Shangrao,28.5,118.01,CHN,China,East Asia,Asia,5,136,0.5,7.8,0,0,2209,2088,4612392,-2.314676762,0.177487509,-19.13566399
CHN_081_Heze,Heze,35.23,115.5,CHN,China,East Asia,Asia,8,202,0.6,17.3,0,0,2113,2136,4513368,-1.017034292,0.176649489,-24.22423172
CHN_129_Taichung,Taichung,24.13,120.59,CHN,China,East Asia,Asia,36,1013,3.8,349.8,0,1,999,1242,1240758,-3.418652058,0.160491776,-16.57439995
CHN_084_Huainan,Huainan,32.65,116.92,CHN,China,East Asia,Asia,12,312,1.3,22.9,0,0,974,1035,1008090,-2.837159634,0.154393224,-17.34331703
CHN_155_Zhangzhou,Zhangzhou,24.48,117.8,CHN,China,East Asia,Asia,18,505,1.3,42.9,0,1,1964,1534,3012776,-2.383644104,0.14635403,-16.78777885
CHN_163_Zigong,Zigong,29.35,104.85,CHN,China,East Asia,Asia,6,161,0.7,23.3,0,0,714,509,363426,-3.445354223,0.159825138,-15.30165195
CHN_052_Ankang,Ankang,32.72,108.97,CHN,China,East Asia,Asia,5,130,0.3,7.7,0,0,2622,1501,3935622,-1.045146942,0.092977897,-13.13514233
CHN_086_Huzhou,Huzhou,30.88,120.12,CHN,China,East Asia,Asia,10,265,0.8,29.6,0,0,3438,2482,8533116,-2.516087055,0.145019815,-16.24069977
CHN_077_Hangzhou,Hangzhou,30.26,120.22,CHN,China,East Asia,Asia,77,2054,7.7,325.8,0,0,2308,1961,4525988,-4.321007252,0.157651722,-15.27258682
CHN_118_Shanghai,Shanghai,31.2,121.41,CHN,China,East Asia,Asia,99,2615,24.4,1103.3,0,1,3022,3276,9900072,-4.272802353,0.140424342,-14.83130264
CHN_142_Xi'an,Xi'an,34.29,108.9,CHN,China,East Asia,Asia,32,817,6.3,155.5,0,0,1079,992,1070368,-5.620062828,0.146174036,-14.32381916
CHN_100_Luoyang,Luoyang,34.63,112.46,CHN,China,East Asia,Asia,11,280,1.7,36,0,0,681,791,538671,-2.263141632,0.136023331,-17.11883926
CHN_137_Weifang,Weifang,36.71,119.16,CHN,China,East Asia,Asia,18,446,1.6,66.7,0,1,4250,3957,16817250,-1.414577246,0.131214348,-18.90952873
CHN_080_Hengyang,Hengyang,26.89,112.6,CHN,China,East Asia,Asia,6,165,1,21.5,0,0,2399,2081,4992319,-1.425082803,0.079482436,-11.91943169
CHN_083_HongKong,Hong Kong,22.48,114.07,CHN,China,East Asia,Asia,20,570,8.9,553.2,0,1,1517,979,1485143,-5.490189552,0.127625447,-15.08078957
CHN_412_NewTaipei,New Taipei,25.01,121.45,CHN,China,East Asia,Asia,37,1034,9.2,812.1,0,1,2578,2433,6272274,-1.365940213,0.128697564,-18.01222992
CHN_094_Kunming,Kunming,25,102.74,CHN,China,East Asia,Asia,14,391,3.3,48.8,0,0,1536,1662,2552832,-3.720711231,0.129608443,-14.72602463
CHN_073_Guiyang,Guiyang,26.58,106.68,CHN,China,East Asia,Asia,9,248,2.3,27,0,0,1463,1545,2260335,-3.905826092,0.12798463,-14.29189682
CHN_151_Yiyang,Yiyang,28.58,112.38,CHN,China,East Asia,Asia,1,27,0.2,1.5,0,0,668,404,269872,-3.101217508,0.128670936,-14.28232384
CHN_148_Xinyang,Xinyang,32.13,114.1,CHN,China,East Asia,Asia,2,52,0.3,4,0,0,910,532,484120,-1.683501124,0.11911043,-16.66110802
CHN_131_Taiyuan,Taiyuan,37.77,112.55,CHN,China,East Asia,Asia,36,880,4.9,100.6,0,0,1022,1156,1181432,5.890454769,0.114727315,-21.4408493
CHN_110_Nanjing,Nanjing,32.07,118.79,CHN,China,East Asia,Asia,42,1099,7,310.8,0,0,1481,1757,2602117,-1.711055756,0.11684407,-14.53241348
CHN_061_Changzhou,Changzhou,31.77,120.04,CHN,China,East Asia,Asia,67,1759,5.5,227.3,0,0,2089,1933,4038037,0.004821028,0.112451927,-15.10304451
CHN_093_Kaohsiung,Kaohsiung,22.69,120.34,CHN,China,East Asia,Asia,18,512,2.5,212.5,0,1,568,892,506656,-2.440264225,0.107493221,-13.70600319
CHN_055_Baotou,Baotou,40.63,109.85,CHN,China,East Asia,Asia,16,376,2,44.7,0,0,1041,1187,1235667,-2.320054054,0.107393143,-13.37159157
CHN_088_Jilin,Jilin,43.91,126.52,CHN,China,East Asia,Asia,22,491,1.9,30.2,0,0,1004,1028,1032112,-2.340156555,0.104817857,-13.2315321
CHN_128_Taian,Taian,36.18,117.12,CHN,China,East Asia,Asia,6,150,0.7,23,0,0,4612,2541,11719092,-0.015237808,0.094871877,-14.56423283
CHN_072_Guangzhou,Guangzhou,23.1,113.28,CHN,China,East Asia,Asia,89,2524,17.4,444.7,0,1,3961,3241,12837601,-1.835214734,0.095385467,-13.70477486
CHN_150_Yantai,Yantai,37.49,121.37,CHN,China,East Asia,Asia,21,515,1.3,52.1,0,1,1468,1107,1625076,-4.246274948,0.105805302,-12.29771805
CHN_098_Liuzhou,Liuzhou,24.32,109.4,CHN,China,East Asia,Asia,8,225,1.5,27.2,0,0,885,833,737205,0.274247348,0.092570487,-13.73072243
CHN_146_Xianyang,Xianyang,34.28,108.84,CHN,China,East Asia,Asia,26,664,5.6,137.4,0,0,836,425,355300,-1.714338541,0.093696632,-12.67804241
CHN_062_Chengdu,Chengdu,30.7,104.03,CHN,China,East Asia,Asia,52,1381,9.6,355.3,0,0,1372,1623,2226756,-2.782814741,0.095999239,-12.6698637
CHN_114_Qingdao,Qingdao,36.2,120.29,CHN,China,East Asia,Asia,40,998,3.9,125,0,1,1980,2119,4195620,-3.070411444,0.088089436,-12.92181015
CHN_141_Xiamen,Xiamen,24.53,118.03,CHN,China,East Asia,Asia,28,786,3.7,87,0,1,1153,1051,1211803,-1.183207273,0.084546584,-12.4228878
CHN_064_Chongqing,Chongqing,29.58,106.52,CHN,China,East Asia,Asia,42,1128,6.1,242.4,0,0,1604,1812,2906448,-2.166996241,0.090612293,-12.97939491
CHN_060_Changsha,Changsha,28.18,113,CHN,China,East Asia,Asia,21,571,4,94.6,0,0,1320,1192,1573440,-2.196747065,0.083769571,-12.19252682
CHN_144_Xiangtan,Xiangtan,27.94,113.01,CHN,China,East Asia,Asia,18,491,2.4,53.9,0,0,970,885,858450,-1.845089555,0.085056995,-12.23545742
CHN_085_Huaian,Huaian,33.63,119.07,CHN,China,East Asia,Asia,12,309,1.5,51.9,0,0,1408,1021,1437568,-1.59641552,0.087304785,-12.78286171
CHN_140_Wuxi,Wuxi,31.64,120.3,CHN,China,East Asia,Asia,78,2051,6.4,288.7,0,0,2089,1933,4038037,-0.663053691,0.07982708,-12.76996803
CHN_108_Nanchang,Nanchang,28.64,115.92,CHN,China,East Asia,Asia,17,461,3.3,54.4,0,0,1289,1345,1733705,-1.956008554,0.076917259,-12.02392578
CHN_135_Urumqi,Urumqi,43.88,87.58,CHN,China,East Asia,Asia,21,469,3.5,64.5,0,0,1345,1429,1922005,3.05544591,0.080413439,-12.39748192
CHN_421_Taipei,Taipei,25.04,121.56,CHN,China,East Asia,Asia,29,811,7.9,681.2,0,1,2578,2433,6272274,-2.821142197,0.078161622,-12.89926243
CHN_139_Wuhan,Wuhan,30.57,114.3,CHN,China,East Asia,Asia,28,744,7.3,205.5,0,0,1459,1453,2119927,-0.44138664,0.073175559,-12.17088604
CHN_134_Tianshui,Tianshui,34.58,105.73,CHN,China,East Asia,Asia,1,25,0.2,2.4,0,0,1022,224,228928,0.286238432,0.070849716,-11.61081886
CHN_074_Haikou,Haikou,20,110.3,CHN,China,East Asia,Asia,7,203,1.6,17.3,0,1,1525,1566,2388150,-1.371436715,0.064086572,-11.15218067
CHN_154_Zhangjiakou,Zhangjiakou,40.71,114.93,CHN,China,East Asia,Asia,15,352,1.2,25,0,0,1267,1245,1577415,-1.412427425,0.063454899,-11.05696774
CHN_147_Xining,Xining,36.63,101.79,CHN,China,East Asia,Asia,7,174,1.3,20,0,0,1913,1947,3724611,-2.112988234,0.056819687,-10.48337746
CHN_162_Zibo,Zibo,36.75,118.02,CHN,China,East Asia,Asia,41,1016,2.8,96.5,0,0,1650,1588,2620200,-1.076699018,0.059602537,-10.92965221
CHN_161_Zhuzhou,Zhuzhou,27.89,113.04,CHN,China,East Asia,Asia,12,327,1.6,30.4,0,0,835,1020,851700,-1.475069642,0.061387096,-10.75710869
CHN_063_Chifeng,Chifeng,42.27,118.95,CHN,China,East Asia,Asia,5,115,0.7,9.6,0,0,4101,2516,10318116,-1.657056928,0.075223855,-12.24519539
CHN_153_Zaozhuang,Zaozhuang,34.84,117.56,CHN,China,East Asia,Asia,9,228,0.6,20.9,0,0,2465,2514,6197010,-0.13307929,0.053958512,-10.43028831
CHN_053_Anshan,Anshan,41.17,123,CHN,China,East Asia,Asia,41,955,2.9,113.3,0,0,1159,1145,1327055,3.0675776,0.050675829,-10.09117031
CHN_089_Jinan,Jinan,36.69,117.03,CHN,China,East Asia,Asia,16,397,3.3,127.5,0,0,2428,1802,4375256,0.239400759,0.04205947,-9.047671318
CHN_097_Linyi,Linyi,35.04,118.31,CHN,China,East Asia,Asia,49,1240,2.5,99.8,0,0,1111,1210,1344310,-0.062071923,0.041011595,-8.976863861
CHN_092_Huludao,Huludao,40.78,120.87,CHN,China,East Asia,Asia,18,422,0.7,18.7,0,1,1220,1100,1342000,-0.57919544,0.039308732,-8.895991325
CHN_116_Qiqihar,Qiqihar,47.33,123.97,CHN,China,East Asia,Asia,8,168,1.1,22.5,0,0,343,433,148519,-2.890650988,0.041556643,-9.421882629
CHN_123_Shenzhen,Shenzhen,22.64,114.1,CHN,China,East Asia,Asia,60,1707,16.2,580.1,0,1,1102,1129,1244158,-0.329429299,0.033208282,-7.933416367
CHN_069_Fushun,Fushun,41.86,123.83,CHN,China,East Asia,Asia,20,461,1.2,48.8,0,0,1004,777,780108,-1.026150465,0.034156457,-7.773373604
CHN_127_Suzhou,Suzhou,31.36,120.6,CHN,China,East Asia,Asia,71,1873,6.7,305.3,0,0,2113,2050,4331650,2.763045073,0.029326067,-7.541399479
CHN_068_Dongguan,Dongguan,22.99,113.74,CHN,China,East Asia,Asia,70,1987,9.7,160.3,0,1,3961,3241,12837601,0.466407806,0.025800156,-6.894085407
CHN_122_Shenyang,Shenyang,41.79,123.4,CHN,China,East Asia,Asia,56,1293,6.9,276.4,0,0,1158,1350,1563300,-1.090496898,0.025873459,-7.473204613
CHN_124_Shijianzhuang,Shijianzhuang,38.11,114.51,CHN,China,East Asia,Asia,61,1485,4.8,126.3,0,0,884,547,483548,-1.755010724,0.026365107,-7.757076263
CHN_095_Lanzhou,Lanzhou,36.08,103.76,CHN,China,East Asia,Asia,14,350,2.5,72.5,0,0,1213,963,1168119,-0.856451809,0.026150727,-7.571640968
CHN_065_Dalian,Dalian,39.02,121.64,CHN,China,East Asia,Asia,24,577,3.2,99.5,0,1,2092,1501,3140092,-1.058893681,0.023935513,-7.090750217
CHN_149_Xuzhou,Xuzhou,34.26,117.21,CHN,China,East Asia,Asia,22,562,2.1,108.4,0,0,605,573,346665,0.793356955,0.014186126,-5.800730705
COL_260_Bogota,Bogota,4.66,-74.13,COL,Colombia,South America,South America,22,675,9,408.3,0,0,1342,1439,1931138,-1.62427175,0.25187934,-23.04834747
COL_264_Cali,Cali,3.44,-76.51,COL,Colombia,South America,South America,5,154,2.3,57.9,0,0,1036,1070,1108520,-1.618585348,0.134975133,-13.68695641
COL_262_Bucaramanga,Bucaramanga,7.1,-73.13,COL,Colombia,South America,South America,2,61,0.6,21.1,0,0,305,333,101565,-0.103646673,0.00658801,-3.169016361
COL_257_Barranquilla,Barranquilla,10.96,-74.81,COL,Colombia,South America,South America,7,212,1.9,46.6,0,1,795,878,698010,-0.34502998,0.027971362,-6.827557564
COL_282_Medellin,Medellin,6.25,-75.58,COL,Colombia,South America,South America,9,275,3.4,88.6,0,0,818,831,679758,-0.345569968,0.014540353,-6.196233749
CSR_297_SanJose,San Jose,9.95,-84.1,CRI,Costa Rica,North America,North America,24,728,2.3,80.1,0,0,569,426,242394,-1.607191086,0.000386631,-3.395729065
CUB_275_Havana,Havana,23.08,-82.37,CUB,Cuba,North America,North America,11,312,1.5,85.2,0,1,1310,863,1130530,-0.984843612,0.124340704,-18.06991196
CZE_202_Prague,Prague,50.08,14.45,CZE,Czech,Europe,Europe,26,517,1.4,149.5,1,0,1251,746,933246,-1.080790758,0.110848401,-16.19321823
DRC_036_Lubumbashi,Lubumbashi,-11.66,27.47,COD,D. R. Congo,Africa,Africa,13,392,2.5,1.8,0,0,826,803,663278,-0.762785554,0.011804598,-5.734786034
DRC_032_Kinshasa,Kinshasa,-4.33,15.33,COD,D. R. Congo,Africa,Africa,40,1227,7.9,39.4,0,0,1038,573,594774,-0.2759507,0.053910977,-10.43901539
DRC_039_MbujiMayi,Mbuji Mayi,-6.14,23.61,COD,D. R. Congo,Africa,Africa,8,245,3.1,2.2,0,0,813,528,429264,-0.238723516,0.009482706,-5.558356762
DMK_187_Kobenhavn,Kobenhavn,55.73,12.45,DNK,Denmark,Europe,Europe,27,472,1.3,174,1,1,787,668,525716,-0.215193391,0.024420966,-6.020073891
DOM_302_Santiago,Santiago,19.46,-70.69,DOM,Domin. Rep.,North America,North America,4,116,0.7,18.9,0,0,435,380,165300,-1.128434181,0.041556447,-9.240991592
DOM_303_SantoDomingo,Santo Domingo,18.49,-69.93,DOM,Domin. Rep.,North America,North America,15,438,3.6,69.2,0,1,420,381,160020,-0.396922588,0.012407045,-3.611100197
ECU_293_Quito,Quito,-0.15,-78.47,ECU,Ecuador,South America,South America,22,677,2.4,61.6,0,0,595,968,575960,-0.984602809,0.101189067,-14.50158882
ECU_274_Guayaquil,Guayaquil,-2.18,-79.9,ECU,Ecuador,South America,South America,11,338,2.9,57.5,0,1,917,892,817964,-1.900048733,0.085666162,-12.19719124
EGY_007_Alexandria,Alexandria,31.13,29.9,EGY,Egypt,Africa,Africa,21,555,4.8,98.9,0,1,989,990,979110,-2.735265017,0.215445708,-20.45360565
EGY_023_ElGiza,El Giza,29.99,31.21,EGY,Egypt,Africa,Africa,67,1791,21,477.3,0,0,728,607,441896,-1.717128277,0.080033391,-12.10233498
EGY_015_Cairo,Cairo,30.04,31.24,EGY,Egypt,Africa,Africa,70,1871,21,488.3,0,0,728,607,441896,-2.187144756,0.039129835,-9.197153091
SVA_299_SanSalvador,San Salvador,13.7,-89.2,SLV,El Salvador,North America,North America,9,269,1.5,40.6,0,0,1164,1777,2068428,-0.509216726,0.005717936,-5.091706276
ETH_006_AddisAbaba,Addis Ababa,8.99,38.76,ETH,Ethiopia,Africa,Africa,13,395,3.5,13.4,0,0,1080,1042,1125360,-3.309265614,0.110176415,-12.65666389
FLD_184_Helsinki,Helsinki,60.25,24.92,FIN,Finland,Europe,Europe,30,463,1.1,100.1,1,1,900,829,746100,0.663570106,0.148811046,-20.46443176
FRA_195_Marseille,Marseille,43.37,5.38,FRA,France,Europe,Europe,30,675,1.3,92.4,1,1,741,685,507585,1.275463223,0.000680264,-1.562533498
FRA_200_Paris,Paris,48.87,2.33,FRA,France,Europe,Europe,106,2162,10.7,1614.8,1,0,1693,822,1391646,1.203211308,0.001495647,-1.216570497
FRA_191_Lyon,Lyon,45.75,4.85,FRA,France,Europe,Europe,49,1059,1.8,155.8,1,0,1278,1105,1412190,0.161992386,5.11012E-05,-1.640763521
GEO_443_Tbilisi,Tbilisi,41.71,44.83,GEO,Georgia,West centre Asia,Asia,8,185,1,15.1,0,0,1077,1086,1169622,-0.661661565,0.006794343,-4.81425333
GMY_177_Dusseldorf,Dusseldorf,51.25,6.79,DEU,Germany,Europe,Europe,98,1903,3.9,427.3,1,0,977,872,851944,-2.873363972,0.064218086,-11.21019268
GMY_183_Hamburg,Hamburg,53.57,10,DEU,Germany,Europe,Europe,50,922,2.2,347.8,1,0,1348,1285,1732180,-1.650412917,0.079753657,-12.75291729
GMY_180_Frankfurt,Frankfurt,50.04,8.65,DEU,Germany,Europe,Europe,61,1215,2.1,253.9,1,0,1147,819,939393,-1.577023864,0.147260729,-23.5758667
GMY_176_Duisburg,Duisburg,51.4,6.77,DEU,Germany,Europe,Europe,99,1916,3.7,400.8,1,0,1547,1210,1871870,-0.44821012,0.019561542,-6.528716087
GMY_198_Munich,Munich,48.18,11.55,DEU,Germany,Europe,Europe,34,703,2.1,225,1,0,657,608,399456,-1.69004035,0.033715096,-9.112595558
GMY_194_Mannheim,Mannheim,49.51,8.48,DEU,Germany,Europe,Europe,80,1611,1.7,185.7,1,0,1264,1170,1478880,-0.346495539,0.110885712,-17.18795395
GMY_173_Cologne,Cologne,50.95,6.98,DEU,Germany,Europe,Europe,82,1603,3.3,346.3,1,0,985,918,904230,0.255976319,0.006120217,-3.892012119
GMY_178_Essen,Essen,51.42,7.03,DEU,Germany,Europe,Europe,96,1858,4.3,462.9,1,0,931,890,828590,-0.905308008,0.007789583,-4.937594414
GMY_209_Stuttgart,Stuttgart,48.79,9.2,DEU,Germany,Europe,Europe,53,1083,1.9,213.1,1,0,597,673,401781,0.659421861,0.000853327,-2.563828707
GMY_168_Berlin,Berlin,52.53,13.41,DEU,Germany,Europe,Europe,56,1057,3.9,366.1,1,0,1255,1099,1379245,-0.264181733,0.004135628,-4.495419025
GHA_005_Accra,Accra,5.64,-0.22,GHA,Ghana,Africa,Africa,37,1133,4.4,31,0,1,3451,1993,6877843,-1.069964647,0.004195894,-3.725528479
GRE_165_Athens,Athens,37.98,23.73,GRC,Greece,Europe,Europe,33,805,3.8,275.2,1,1,1171,1206,1412226,-0.232505307,0.001199735,-2.636811256
GTE_273_Guatemala,Guatemala,14.6,-90.54,GTM,Guatemala,North America,North America,15,447,2.8,104.1,0,0,1764,2112,3725568,-2.048415661,0.083158187,-11.89822102
GUI_018_Conakry,Conakry,9.69,-13.53,GIN,Guinea,Africa,Africa,8,243,1.9,0.1,0,1,862,870,749940,-1.351765156,0.010713049,-6.682391644
HTI_290_PortAuPrince,Port Au Prince,18.57,-72.29,HTI,Haiti,North America,North America,12,351,2.9,9.7,0,1,1358,1112,1510096,-0.134682119,0.038722407,-8.751131058
HUG_172_Budapest,Budapest,47.49,19.09,HUN,Hungary,Europe,Europe,51,1068,2.5,272.9,0,0,918,900,826200,-0.362952411,0.055820221,-10.92260456
IND_217_Asansol,Asansol,23.65,87.02,IND,India,South Asia,Asia,33,932,3.8,22.3,0,0,583,256,149248,-0.699440956,0.051223695,-10.07697868
IND_220_Bhilai,Bhilai,21.26,81.53,IND,India,South Asia,Asia,18,517,2.7,18.5,0,0,630,460,289800,-1.19861865,0.084163241,-13.95462227
IND_254_Warangal,Warangal,18,79.58,IND,India,South Asia,Asia,4,117,0.7,7.9,0,0,329,430,141470,0.098250031,0.00666499,-4.612754822
IND_233_Jamshedpur,Jamshedpur,22.82,86.15,IND,India,South Asia,Asia,9,256,1.8,7.8,0,0,657,487,319959,-1.161992073,0.111290464,-16.29414749
IND_238_Lucknow,Lucknow,26.86,80.93,IND,India,South Asia,Asia,10,275,4.1,22.2,0,0,607,732,444324,-0.88996774,0.082436555,-14.5881424
IND_231_Indore,Indore,22.77,75.91,IND,India,South Asia,Asia,11,313,2.9,22.3,0,0,743,717,532731,-3.734196424,0.229409383,-23.27094269
IND_221_Bhopal,Bhopal,23.23,77.44,IND,India,South Asia,Asia,7,198,2,14.7,0,0,1265,1222,1545830,-0.779447079,0.093700885,-14.83879948
IND_252_Vadodara,Vadodara,22.4,73.09,IND,India,South Asia,Asia,11,314,2.6,45.4,0,0,527,565,297755,-0.952746153,0.082031522,-12.15291977
IND_226_Dhanbad,Dhanbad,23.74,86.35,IND,India,South Asia,Asia,24,678,2.9,7.6,0,0,406,376,152656,-0.348146915,0.059186586,-11.06632519
IND_218_Aurangabad,Aurangabad,19.88,75.31,IND,India,South Asia,Asia,4,116,1.4,15.1,0,0,667,467,311489,-1.328369021,0.03995986,-9.011424065
IND_251_Surat,Surat,21.14,72.83,IND,India,South Asia,Asia,13,374,3.3,74.3,0,1,761,646,491606,-1.308172584,0.064497655,-11.57381058
IND_227_Faridabad,Faridabad,28.54,77.29,IND,India,South Asia,Asia,53,1437,19.6,592,0,0,1074,1069,1148106,-4.499135017,0.061449121,-10.83188057
IND_253_Vishakhapatnam,Vishakhapatnam,17.68,83.23,IND,India,South Asia,Asia,6,176,1,23.4,0,1,2117,1761,3728037,-1.06321454,0.040687397,-9.128928185
IND_235_Kanpur,Kanpur,26.46,80.33,IND,India,South Asia,Asia,8,221,3.8,27.1,0,0,832,582,484224,-0.900964975,0.074395812,-12.71660233
IND_240_Madurai,Madurai,9.93,78.13,IND,India,South Asia,Asia,1,30,0.9,6.4,0,0,524,553,289772,-0.681774199,0.027621566,-7.512235641
IND_228_Ghaziabad,Ghaziabad,28.59,77.33,IND,India,South Asia,Asia,43,1165,17.6,524.8,0,0,939,640,600960,-1.016376734,0.00806079,-6.398081779
IND_219_Bangalore,Bangalore,12.97,77.61,IND,India,South Asia,Asia,28,840,10.8,161.8,0,0,1235,1670,2062450,-1.136489153,0.030023554,-8.244626999
IND_216_Ahmedabad,Ahmedabad,23.05,72.59,IND,India,South Asia,Asia,14,397,7.2,112.4,0,0,960,742,712320,-0.692243457,0.120131113,-16.67667198
IND_241_Meerut,Meerut,28.98,77.7,IND,India,South Asia,Asia,2,54,1.4,4.1,0,0,535,515,275525,-1.151451111,0.044229266,-9.46736908
IND_225_Delhi,Delhi,28.61,77.22,IND,India,South Asia,Asia,66,1789,26.5,782,0,0,1354,1439,1948406,-1.400833607,0.071412966,-12.190979
IND_222_Chennai,Chennai,13.04,80.21,IND,India,South Asia,Asia,26,780,9.3,148.9,0,1,1031,1651,1702181,-1.610927582,0.109699552,-14.23022556
IND_224_Coimbatore,Coimbatore,11.02,76.99,IND,India,South Asia,Asia,10,302,1.9,31.9,0,0,728,765,556920,-0.845273793,0.007887031,-5.566085815
IND_247_Rajkot,Rajkot,22.3,70.8,IND,India,South Asia,Asia,4,114,1.4,26.5,0,0,396,388,153648,-0.745799184,0.008100832,-5.457968712
IND_215_Agra,Agra,27.19,78.01,IND,India,South Asia,Asia,5,137,2.3,12.7,0,0,566,487,275642,-1.109725714,0.009980358,-5.371452808
IND_243_Nagpur,Nagpur,21.17,79.12,IND,India,South Asia,Asia,14,402,3,66.2,0,0,808,643,519544,-1.187825799,0.084624543,-14.96484947
IND_242_Mumbai,Mumbai,19.12,72.99,IND,India,South Asia,Asia,41,1194,16.6,367,0,1,651,1070,696570,-0.398939043,0.027139238,-6.56131649
IND_248_Ranchi,Ranchi,23.47,85.39,IND,India,South Asia,Asia,5,141,1.4,3,0,0,329,277,91133,-1.265742898,0.072188252,-12.04084492
IND_236_Kochi,Kochi,10.04,76.34,IND,India,South Asia,Asia,24,728,2.5,66,0,1,894,1155,1032570,-1.016961575,0.062058604,-11.04089451
IND_244_Nasik,Nasik,20,73.79,IND,India,South Asia,Asia,5,145,1.5,22.4,0,0,411,349,143439,-0.736878872,0.005612515,-4.139314175
IND_234_Kalyan,Kalyan,19.16,73.05,IND,India,South Asia,Asia,28,815,10.1,238.2,0,0,202,278,56156,-0.498333007,0.047361252,-9.552814484
IND_249_Sholapur,Sholapur,17.66,75.91,IND,India,South Asia,Asia,3,88,1,7.7,0,0,615,632,388680,0.139366835,0.047638564,-9.753232956
IND_245_Patna,Patna,25.6,85.15,IND,India,South Asia,Asia,6,167,2.6,11.1,0,0,637,281,178997,-0.821882427,0.033428684,-7.804966927
IND_239_Ludhiana,Ludhiana,30.9,75.86,IND,India,South Asia,Asia,7,185,2.1,28.8,0,0,565,396,223740,-0.841653347,0.014328793,-5.72217083
IND_237_Kolkata,Kolkata,22.59,88.35,IND,India,South Asia,Asia,35,996,16.3,196.3,0,0,1095,1135,1242825,0.418508261,0.029406137,-8.049498558
IND_232_Jaipur,Jaipur,26.9,75.79,IND,India,South Asia,Asia,13,358,3.8,37.8,0,0,1341,1334,1788894,-1.314744592,0.008804064,-5.666122913
IND_250_Srinagar,Srinagar,34.08,74.81,IND,India,South Asia,Asia,4,102,0.8,6.6,0,0,503,517,260051,-0.917197108,0.028925452,-7.739269257
IND_229_Haora,Haora,22.62,88.35,IND,India,South Asia,Asia,41,1167,17,213.6,0,0,1012,719,727628,-1.225206375,0.025019096,-7.877187729
IND_230_Hyderabad,Hyderabad,17.45,78.48,IND,India,South Asia,Asia,39,1146,9,162.7,0,0,1521,1297,1972737,-0.487342387,0.016756198,-5.589654446
IND_246_Pune,Pune,18.56,73.83,IND,India,South Asia,Asia,17,497,6.4,140.5,0,0,378,275,103950,-0.702546239,0.004450545,-3.526436567
IDO_471_Medan,Medan,3.61,98.66,IDN,Indonesia,Southeast Asia,Asia,33,1014,4.3,122.3,0,1,1209,1072,1296048,-31.86444855,0.709618314,-80.12284851
IDO_458_Bandung,Bandung,-6.97,107.66,IDN,Indonesia,Southeast Asia,Asia,27,825,7.9,105.1,0,0,921,750,690750,-21.25830078,0.587687241,-119.3036957
IDO_476_Semarang,Semarang,-6.98,110.44,IDN,Indonesia,Southeast Asia,Asia,25,764,2.9,27.7,0,1,806,708,570648,-2.043117523,0.367975294,-150.6820984
IDO_460_Bekasi,Bekasi,-6.29,106.97,IDN,Indonesia,Southeast Asia,Asia,87,2662,23.7,1504.2,0,0,841,734,617294,-1.835290194,0.275642776,-23.36584473
IDO_467_Jakarta,Jakarta,-6.26,106.83,IDN,Indonesia,Southeast Asia,Asia,83,2539,25.3,1543,0,1,1305,1203,1569915,-1.819441795,0.21521667,-26.41699791
IDO_462_Cilacap,Cilacap,-7.73,109,IDN,Indonesia,Southeast Asia,Asia,14,427,1,14,0,1,877,685,600745,-2.833987236,0.185552255,-19.43681335
IDO_478_Surabaya,Surabaya,-7.25,112.74,IDN,Indonesia,Southeast Asia,Asia,31,946,5.6,113.5,0,1,967,845,817115,-2.195124149,0.167040035,-24.44563675
IDO_472_Palembang,Palembang,-2.98,104.76,IDN,Indonesia,Southeast Asia,Asia,9,277,2,35.2,0,0,927,740,685980,-0.58598721,0.049992946,-9.999426842
IDO_479_Ujungpandang,Ujungpandang,-5.18,119.45,IDN,Indonesia,Southeast Asia,Asia,4,123,1.6,8.9,0,1,698,667,465566,2.797932625,0.030856859,-6.537978649
IRN_329_Mashhad,Mashhad,36.31,59.59,IRN,Iran,West centre Asia,Asia,9,224,2.7,67.4,0,0,943,983,926969,-9.438184738,0.485424792,-77.87072754
IRN_326_Karaj,Karaj,35.74,51.03,IRN,Iran,West centre Asia,Asia,23,577,3.8,139,0,0,606,409,247854,-16.41932678,0.639176556,-146.4097137
IRN_337_Tehran,Tehran,35.69,51.36,IRN,Iran,West centre Asia,Asia,29,728,9.5,512.6,0,0,1342,857,1150094,-0.61222434,0.088498307,-44.36531448
IRN_323_Isfahan,Isfahan,32.66,51.64,IRN,Iran,West centre Asia,Asia,13,338,2.2,83.2,0,0,857,857,734449,12.37835121,0.303886662,-46.97761917
IRN_335_Shiraz,Shiraz,29.6,52.54,IRN,Iran,West centre Asia,Asia,7,188,1.3,28.5,0,0,820,864,708480,-2.580592871,0.029200843,-8.368467331
IRN_336_Tabriz,Tabriz,38.06,46.29,IRN,Iran,West centre Asia,Asia,4,97,1,21.3,0,0,647,347,224509,-1.122961998,0.02596306,-7.970914841
IAQ_316_Baghdad,Baghdad,33.33,44.4,IRQ,Iraq,West centre Asia,Asia,26,671,5.3,273.6,0,0,865,884,764660,-0.870812774,0.137665671,-21.74058914
IAQ_331_Mosul,Mosul,36.36,43.15,IRQ,Iraq,West centre Asia,Asia,9,224,0.9,47.4,0,0,519,467,242373,-0.945607901,0.060301077,-11.1306076
IRE_175_Dublin,Dublin,53.34,-6.28,ISL,Ireland,Europe,Europe,24,445,1.2,207.2,1,1,1071,1421,1521891,-0.308735311,0.082194768,-15.97529602
ISL_321_Haifa,Haifa,32.81,35.08,ISR,Israel,West centre Asia,Asia,11,286,0.6,47.2,1,1,401,303,121503,-1.251708388,0.109155418,-18.77342415
ISL_338_TelAvivYafo,Tel Aviv Yafo,32.07,34.86,ISR,Israel,West centre Asia,Asia,32,838,3.1,232.8,1,1,270,340,91800,-1.312247753,0.063111789,-12.14920139
ISL_325_Jerusalem,Jerusalem,31.76,35.2,ISR,Israel,West centre Asia,Asia,12,315,1.7,84.9,1,0,198,274,54252,-1.092240095,0.004182887,-5.536719799
ITA_203_Rome,Rome,41.83,12.51,ITA,Italy,Europe,Europe,49,1130,3,310.6,1,0,1602,1459,2337318,-1.353322268,0.063822331,-11.17964745
ITA_179_Florence,Florence,43.84,11.13,ITA,Italy,Europe,Europe,13,290,0.8,59.4,1,0,748,807,603636,-2.357102394,0.201507236,-16.79238129
ITA_196_Milan,Milan,45.56,9.22,ITA,Italy,Europe,Europe,76,1649,4.3,430.2,1,0,724,830,600920,0.276475459,0.042280142,-8.635760307
ITA_211_Turin,Turin,45.1,7.66,ITA,Italy,Europe,Europe,26,569,1.6,133.2,1,0,550,441,242550,-1.02593565,0.016530006,-5.722551346
ITA_199_Naples,Naples,40.93,14.27,ITA,Italy,Europe,Europe,56,1309,3.2,170.8,1,1,527,621,327267,-6.110022068,0.267116325,-15.13963223
IVC_003_Abidjan,Abidjan,5.34,-3.97,CIV,Ivory Coast,Africa,Africa,25,766,4.8,35.5,0,1,2074,1897,3934378,-1.267623425,0.071679911,-12.30837345
JPA_407_Kobe,Kobe,34.72,135.2,JPN,Japan,East Asia,Asia,44,1118,4.9,326.9,1,1,1087,861,935907,-0.330130935,0.055504882,-10.68859673
JPA_404_Hiroshima,Hiroshima,34.36,132.44,JPN,Japan,East Asia,Asia,18,459,1.3,70.3,1,1,1243,948,1178364,-0.217389584,0.020054275,-5.958023548
JPA_424_Yokohama,Yokohama,35.51,139.58,JPN,Japan,East Asia,Asia,69,1736,15.7,1730.1,1,1,2529,2063,5217327,5.015967846,0.00114247,-1.915898323
JPA_413_Osaka,Osaka,34.73,135.54,JPN,Japan,East Asia,Asia,72,1829,12.5,1044.2,1,1,1944,2557,4970808,0.834747732,0.033050574,-6.503649712
JPA_402_Fukuoka,Fukuoka,33.56,130.49,JPN,Japan,East Asia,Asia,42,1081,3,216.1,1,1,785,823,646055,-0.176489234,0.011326639,-4.291582108
JPA_408_Kyoto,Kyoto,34.91,135.73,JPN,Japan,East Asia,Asia,39,988,5.3,398.6,1,0,1095,1454,1592130,1.121721506,0.021746083,-5.449776649
JPA_416_Sapporo,Sapporo,43.05,141.41,JPN,Japan,East Asia,Asia,23,520,2.2,77.9,1,0,1371,1375,1885125,0.268709213,0.006753655,-3.403719902
JPA_410_Nagoya,Nagoya,35.18,136.92,JPN,Japan,East Asia,Asia,98,2476,8.1,650.8,1,1,1125,1276,1435500,3.538199425,0.000886966,1.92078805
JPA_406_Kawasaki,Kawasaki,35.58,139.68,JPN,Japan,East Asia,Asia,81,2036,21.5,2314.9,1,1,813,526,427638,9.325260162,0.000396483,7.583176613
JPA_422_Tokyo,Tokyo,35.71,139.75,JPN,Japan,East Asia,Asia,97,2435,23.7,2367.2,1,1,2614,2738,7157132,9.129792213,0.00030581,6.808819771
JPA_417_Sendai,Sendai,38.28,140.96,JPN,Japan,East Asia,Asia,22,534,1.5,106.7,1,1,718,638,458084,21.45403099,0.000139494,13.42989826
JRD_315_Amman,Amman,31.98,35.94,JOR,Jordan,West centre Asia,Asia,23,603,4,97,0,0,1292,831,1073652,-0.550039172,0.010930153,-5.35615015
KZA_445_Almaty,Almaty,43.29,76.9,KAZ,Kazakhstan,West centre Asia,Asia,16,361,2,53,0,0,2172,2334,5069448,-0.52519834,0.065688359,-11.79697895
KEN_042_Nairobi,Nairobi,-1.28,36.86,KEN,Kenya,Africa,Africa,8,246,3.2,79.4,0,0,1256,793,996008,-13.93038845,0.663933934,-44.21889114
KUT_327_Kuwait,Kuwait,29.28,47.96,KWT,Kuwait,West centre Asia,Asia,21,565,3.3,406.9,0,1,125,107,13375,-0.135648504,0.000890472,-3.577104568
LEB_317_Beirut,Beirut,33.92,35.59,LBN,Lebanon,West centre Asia,Asia,9,231,1.9,41.8,0,1,184,143,26312,-0.55991292,0.00585702,-5.453723907
LIB_041_Monrovia,Monrovia,6.32,-10.7,LBR,Liberia,Africa,Africa,13,398,1.3,1.6,0,1,321,233,74793,-2.632040977,0.224821438,-19.73085213
LYA_011_Benghazi,Benghazi,32.09,20.11,LBY,Libya,Africa,Africa,10,262,0.6,25.6,0,1,697,741,516477,-0.68417424,0.018723211,-6.619525909
LYA_048_Tripoli,Tripoli,32.82,13.17,LBY,Libya,Africa,Africa,21,545,1.4,50.8,0,1,1296,877,1136592,-0.481015444,0.015669912,-6.892044067
MAD_009_Antananarivo,Antananarivo,-18.9,47.5,MDG,Madagascar,Africa,Africa,6,175,1.3,3.5,0,0,863,1136,980368,-0.614385128,0.05983065,-10.87802315
MYS_464_GeorgeTown,George Town,5.43,100.43,MYS,Malaysia,Southeast Asia,Asia,36,1103,2.1,171.9,0,1,2116,1900,4020400,3.004615068,0.022420591,-5.500304699
MYS_468_KualaLumpur,Kuala Lumpur,3.11,101.62,MYS,Malaysia,Southeast Asia,Asia,65,1997,7.4,616.9,0,0,3101,2814,8726214,-0.68247211,0.011507778,-4.872952938
MAL_010_Bamako,Bamako,12.62,-7.98,MLI,Mali,Africa,Africa,16,481,3.3,10.1,0,0,618,640,395520,-1.037394881,0.022942409,-6.453566551
MXI_308_Toluca,Toluca,19.28,-99.62,MEX,Mexico,North America,North America,12,349,1.3,38.7,0,0,864,1246,1076544,-18.11089325,0.661500587,-56.93516541
MXI_283_MexicoCity,Mexico City,19.46,-99.09,MEX,Mexico,North America,North America,74,2150,21,1260.2,0,0,2360,2475,5841000,-8.132768631,0.472993686,-277.2303467
MXI_309_Torreon,Torreon,25.55,-103.45,MEX,Mexico,North America,North America,6,167,0.9,40.7,0,0,707,811,573377,-4.494042873,0.450429672,-46.4607811
MXI_277_Leon,Leon,21.1,-101.71,MEX,Mexico,North America,North America,9,259,1.6,43.5,0,0,639,610,389790,-0.297525883,0.190755636,-36.83927536
MXI_292_Puebla,Puebla,19.08,-98.29,MEX,Mexico,North America,North America,25,728,2.7,63.3,0,0,1239,1331,1649109,-4.189431667,0.209383504,-20.40614128
MXI_284_Monterrey,Monterrey,25.72,-100.31,MEX,Mexico,North America,North America,27,750,4.3,263.1,0,0,1807,1724,3115268,-0.394564569,0.020268225,-6.300187588
MXI_307_Tijuana,Tijuana,32.53,-117.03,MEX,Mexico,North America,North America,44,1145,3.5,337.7,0,1,2317,1959,4539003,-0.783987999,0.007717319,-6.017904282
MXI_267_CiudadJuarez,Ciudad Juarez,31.75,-106.42,MEX,Mexico,North America,North America,28,735,2.1,122.4,0,0,799,738,589662,-0.87125504,0.004839278,-4.763388634
MXI_272_Guadalajara,Guadalajara,20.65,-103.36,MEX,Mexico,North America,North America,29,836,4.9,179.5,0,0,1773,1598,2833254,-0.39434877,0.000625661,-1.990184069
MOR_024_Fez,Fez,34.04,-5.01,MAR,Morocco,Africa,Africa,5,128,1.1,8.1,0,0,500,441,220500,-1.940505981,0.036590164,-8.901704788
MOR_017_Casablanca,Casablanca,33.55,-7.58,MAR,Morocco,Africa,Africa,22,566,4.4,109.8,0,1,2984,2959,8829656,-0.043344442,0.010814156,-4.99584198
MOZ_038_Maputo,Maputo,-25.89,32.52,MOZ,Mozambique,Africa,Africa,19,527,2.4,13.6,0,1,519,543,281817,-0.139058694,0.003120017,-2.632008076
MMA_475_Rangoon,Rangoon,16.86,96.15,MMR,Myanmar,Southeast Asia,Asia,16,472,5.6,43.4,0,1,2288,2161,4944368,-5.501992702,0.358737786,-65.92114258
MMA_469_Mandalay,Mandalay,21.96,96.09,MMR,Myanmar,Southeast Asia,Asia,3,86,1,4.6,0,0,3162,2691,8508942,-2.058169365,0.23877837,-34.21489716
NET_164_Amsterdam,Amsterdam,52.29,4.88,NLD,Netherlands,Europe,Europe,60,1139,2.4,275.4,1,0,929,790,733910,-1.157503128,0.059558093,-11.28615379
NET_210_TheHague,The Hague,52.08,4.31,NLD,Netherlands,Europe,Europe,64,1223,2.7,290.2,1,1,626,330,206580,-2.149925232,0.064067135,-10.96698856
NET_204_Rotterdam,Rotterdam,51.92,4.48,NLD,Netherlands,Europe,Europe,80,1529,3.2,367.6,1,1,1013,598,605774,-0.884603858,0.043179683,-8.941180229
NZD_396_Auckland,Auckland,-36.89,174.8,NZL,New Zealand,Oceania,Oceania,28,692,1.4,93.6,1,1,1253,1259,1577527,-0.015551623,0.007383212,-3.541994095
NIG_027_Ikare,Ikare,7.53,5.78,NGA,Nigeria,Africa,Africa,1,31,0.2,1.1,0,0,313,240,75120,-1.422162414,0.079473719,-12.39912796
NIG_033_Lagos,Lagos,6.55,3.37,NGA,Nigeria,Africa,Africa,51,1559,12.1,229.4,0,1,1389,1082,1502898,-1.232120156,0.096148116,-16.45625496
NIG_012_BeninCity,Benin City,6.34,5.64,NGA,Nigeria,Africa,Africa,13,398,1.6,26.4,0,0,820,1201,984820,-0.485258818,0.023139759,-6.681266308
NIG_030_Kano,Kano,12,8.53,NGA,Nigeria,Africa,Africa,15,452,4.2,30.8,0,0,640,668,427520,-1.304906011,0.058597697,-10.8568821
NIG_046_PortHarcourt,Port Harcourt,4.82,7.12,NGA,Nigeria,Africa,Africa,36,1104,2.8,45.3,0,0,435,488,212280,-0.536971688,0.013897496,-4.883505821
NIG_004_Abuja,Abuja,9.06,7.47,NGA,Nigeria,Africa,Africa,15,456,1.7,5.1,0,0,1352,659,890968,-0.948860466,0.013860835,-6.172905445
NIG_026_Ibadan,Ibadan,7.41,3.93,NGA,Nigeria,Africa,Africa,20,610,3.5,65.5,0,0,941,690,649290,-0.206968501,0.003758263,-3.386958122
NIG_029_Kaduna,Kaduna,10.51,7.43,NGA,Nigeria,Africa,Africa,9,272,1.4,13.9,0,0,141,117,16497,-0.710018516,0.00122869,-2.889065027
NKR_107_Nampo,Nampo,38.85,125.5,PRK,North Korea,East Asia,Asia,4,96,0.4,1.4,0,1,925,526,486550,0.93441999,0.083440049,-13.23943233
NKR_415_Pyongyang,Pyongyang,39.03,125.72,PRK,North Korea,East Asia,Asia,16,385,2.7,11.4,0,0,714,499,356286,-0.30218792,0.000985437,-3.020197868
PKI_438_Lahore,Lahore,31.53,74.33,PAK,Pakistan,South Asia,Asia,22,579,8.3,94.7,0,0,2050,2240,4592000,-3.537755966,0.309502973,-73.06686401
PKI_441_Rawalpindi,Rawalpindi,33.61,73.07,PAK,Pakistan,South Asia,Asia,5,129,2.6,8.7,0,0,2610,2846,7428060,-3.283393145,0.211905032,-21.52430344
PKI_425_Abbottabad,Abbottabad,34.18,73.23,PAK,Pakistan,South Asia,Asia,1,26,0.5,1,0,0,1778,2035,3618230,-2.665130138,0.158603558,-18.10116196
PKI_440_Peshawar,Peshawar,34.05,71.57,PAK,Pakistan,South Asia,Asia,28,717,3.4,26.8,0,0,1496,1690,2528240,-1.940870285,0.141722525,-16.14193916
PKI_433_Gujranwala,Gujranwala,32.17,74.18,PAK,Pakistan,South Asia,Asia,6,157,2.1,19.9,0,0,2761,2534,6996374,-0.664297104,0.039420245,-9.035299301
PKI_439_Multan,Multan,30.2,71.49,PAK,Pakistan,South Asia,Asia,7,187,2.3,24.1,0,0,2616,3372,8821152,-2.065366507,0.082836339,-12.81425571
PKI_431_Faisalabad,Faisalabad,31.43,73.1,PAK,Pakistan,South Asia,Asia,8,211,3.4,28.8,0,0,2928,3100,9076800,-0.431030512,0.04536382,-9.493692398
PKI_437_Karachi,Karachi,24.9,67.06,PAK,Pakistan,South Asia,Asia,23,644,13.7,171.6,0,1,2786,2712,7555632,1.174034357,0.027757312,-7.853581429
PKI_434_Hyderabad,Hyderabad,25.39,68.36,PAK,Pakistan,South Asia,Asia,3,84,1.7,16.1,0,0,2218,2173,4819714,-1.585603118,0.028686191,-7.541532993
PAN_289_PanamaCity,Panama City,9.02,-79.52,PAN,Panama,North America,North America,8,243,1.2,64.8,0,1,1473,541,796893,1.239974022,0.015415633,-5.232290268
PAR_255_Asuncion,Asuncion,-25.32,-57.54,PRY,Paraguay,South America,South America,15,418,2.3,41.8,0,0,391,445,173995,-0.807071567,0.011754928,-4.973849773
PER_278_Lima,Lima,-11.98,-77.02,PER,Peru,South America,South America,36,1084,9.4,354.9,0,1,1670,2763,4614210,-0.037304044,0.002200118,-3.004657269
PHI_470_Manila,Manila,14.6,120.98,PHL,Philippines,Southeast Asia,Asia,39,1162,17.5,595.4,0,1,1071,1378,1475838,-5.364387035,0.181228302,-17.72119331
PHI_463_Davao,Davao,7.13,125.63,PHL,Philippines,Southeast Asia,Asia,1,31,0.2,1,0,1,701,801,561501,-1.912959218,0.059151373,-10.69972229
PHI_474_QuezonCity,Quezon  City,14.65,121.05,PHL,Philippines,Southeast Asia,Asia,36,1073,16.8,584.8,0,0,1071,1378,1475838,-0.138484001,0.009508366,-4.415837288
POL_185_Katowice,Katowice,50.26,19.02,POL,Poland,Europe,Europe,60,1190,2.1,140.6,0,0,763,656,500528,-3.201079369,0.142850057,-19.17609787
POL_213_Warsaw,Warsaw,52.24,21,POL,Poland,Europe,Europe,39,741,2.3,199.4,0,0,841,936,787176,1.370004296,0.03201052,-7.173146248
PTG_189_Lisbon,Lisbon,38.73,-9.13,PRT,Portugal,Europe,Europe,40,965,2.4,172.4,1,1,430,401,172430,-2.456744671,0.011191506,-6.450666428
PTG_201_Porto,Porto,41.21,-8.55,PRT,Portugal,Europe,Europe,56,1304,1.8,89.4,1,1,68,142,9656,-0.391000032,0,-2.354806662
PUE_298_SanJuan,San Juan,18.36,-66.09,PRI,Puerto Rico,North America,North America,22,643,1.3,92.2,0,1,555,450,249750,-0.277682185,0.002836879,-3.22287488
QAT_319_Doha,Doha,25.28,51.48,QAT,Qatar,West centre Asia,Asia,11,307,1.1,387.6,0,1,828,901,746028,0.547690511,0.014494107,-4.474465847
RCG_014_Brazzaville,Brazzaville,-4.33,15.32,COG,Rep. Congo,Africa,Africa,38,1166,7.9,39.4,0,0,540,608,328320,-0.738440156,0.064739717,-11.66995144
ROM_171_Bucharest,Bucharest,44.44,26.09,ROU,Romania,Europe,Europe,17,376,2,209.6,0,0,784,798,625632,-0.500536382,0.020265497,-6.620662689
RUS_457_Yekaterinburg,Yekaterinburg,56.84,60.63,RUS,Russia,Russia,Asia,20,340,1.2,62.6,0,0,1463,1795,2626085,-1.957154632,0.175102873,-20.17750549
RUS_447_Chelyabinsk,Chelyabinsk,55.15,61.42,RUS,Russia,Russia,Asia,21,373,1.2,41.9,0,0,1343,1845,2477835,-1.790241122,0.113097777,-14.44206333
RUS_448_Kazan,Kazan,55.82,49.13,RUS,Russia,Russia,Europe,15,262,1.1,46.6,0,0,2289,2945,6741105,-0.748328447,0.088202667,-12.85489655
RUS_455_StPetersburg,St Petersburg,59.88,30.34,RUS,Russia,Russia,Europe,61,951,5.1,250.5,0,1,2706,3430,9281580,2.677323818,0.019904117,-6.040510178
RUS_453_Rostov,Rostov,47.23,39.73,RUS,Russia,Russia,Europe,15,316,1.2,23.3,0,0,1119,1327,1484913,0.320866406,0.016514082,-4.986848354
RUS_449_Moscow,Moscow,55.76,37.62,RUS,Russia,Russia,Europe,105,1835,15.4,1151.3,0,0,1477,1715,2533055,-0.543048739,0.006337072,-4.692866802
SAU_313_AdDamman,Ad Damman,26.42,50.1,SAU,Saudi Arabia,West centre Asia,Asia,19,525,2.1,214.6,0,1,1547,1652,2555644,-0.902408719,0.017580529,-7.14951992
SAU_324_Jeddah,Jeddah,21.51,39.21,SAU,Saudi Arabia,West centre Asia,Asia,21,602,3.4,567.2,0,1,1219,2413,2941447,-0.576831818,0.006612964,-5.242739677
SAU_328_Makkah,Makkah,21.43,39.85,SAU,Saudi Arabia,West centre Asia,Asia,9,258,1.5,171.3,0,0,689,583,401687,-0.381333351,0.002606709,-2.904123783
SAU_330_Medina,Medina,24.47,39.61,SAU,Saudi Arabia,West centre Asia,Asia,6,168,0.8,145.1,0,0,769,704,541376,-0.033703208,0.001938339,-2.438861132
SEN_019_Dakar,Dakar,14.74,-17.36,SEN,Senegal,Africa,Africa,10,298,3,12.5,0,1,501,454,227454,-0.502759933,0.013578275,-5.965351582
SER_167_Belgrade,Belgrade,44.82,20.48,SRB,Serbia,Europe,Europe,12,264,1.1,49,0,0,1020,786,801720,-0.824638367,0.105040444,-16.6523056
SGA_477_Singapore,Singapore,1.39,103.81,SGP,Singapore,Southeast Asia,Asia,35,1077,7.7,1178,1,1,2034,1475,3000150,-1.269158721,0.088795694,-15.58454609
SOM_040_Mogadishu,Mogadishu,2.05,45.33,SOM,Somalia,Africa,Africa,4,123,1.4,0.7,0,1,504,374,188496,0.088479489,0.00651556,-3.90101099
SAF_045_PortElizabeth,Port Elizabeth,-33.85,25.52,ZAF,South Africa,Africa,Africa,22,565,1.2,30.2,0,1,1302,1180,1536360,1.568549633,0.035476242,-8.7351017
SAF_016_CapeTown,Cape Town,-33.97,18.54,ZAF,South Africa,Africa,Africa,38,974,3.6,87.3,0,1,1807,2701,4880707,-0.655363142,0.040394841,-8.953767776
SAF_013_Benoni,Benoni,-26.17,28.26,ZAF,South Africa,Africa,Africa,83,2298,5.4,132.9,0,0,724,590,427160,-0.68072778,0.089871732,-13.66772079
SAF_050_Vereeniging,Vereeniging,-26.57,27.93,ZAF,South Africa,Africa,Africa,37,1021,2,31.4,0,0,651,695,452445,-1.621024847,0.058048817,-11.01566887
SAF_047_Pretoria,Pretoria,-25.73,28.16,ZAF,South Africa,Africa,Africa,78,2168,3.8,90.4,0,0,1364,1173,1599972,-1.647284031,0.03104702,-8.2989254
SAF_022_Durban,Durban,-29.85,30.92,ZAF,South Africa,Africa,Africa,34,910,3.2,70.4,0,1,385,575,221375,-0.956934154,0.025412648,-7.223784924
SAF_028_Johannesburg,Johannesburg,-26.17,28.04,ZAF,South Africa,Africa,Africa,99,2741,8.3,224.4,0,0,513,387,198531,-0.182554573,0.015760563,-3.940958023
SKR_405_Incheon,Incheon,37.53,126.74,KOR,South Korea,East Asia,Asia,45,1104,9.4,678.8,1,1,1476,1418,2092968,-0.869068265,0.139419513,-18.7119236
SKR_398_Busan,Busan,35.18,128.98,KOR,South Korea,East Asia,Asia,20,505,3.2,316.1,1,1,1222,1148,1402856,-1.895303965,0.17485798,-20.3721714
SKR_399_Changwon,Changwon,35.21,128.7,KOR,South Korea,East Asia,Asia,6,152,0.8,29.8,1,1,1241,1359,1686519,-1.399115086,0.065618017,-11.34331226
SKR_423_Ulsan,Ulsan,35.51,129.36,KOR,South Korea,East Asia,Asia,8,201,1,67.6,1,1,1248,1301,1623648,0.50782907,0.053707093,-10.35729122
SKR_401_Daejeon,Daejeon,36.37,127.39,KOR,South Korea,East Asia,Asia,6,149,1.2,93.8,1,0,775,898,695950,-0.343862355,0.012427542,-6.098847866
SKR_419_Suwon,Suwon,37.38,126.99,KOR,South Korea,East Asia,Asia,48,1179,14.1,868.7,1,0,249,258,64242,-0.935398459,0.019844597,-6.937047482
SKR_400_Daegu,Daegu,35.91,128.58,KOR,South Korea,East Asia,Asia,16,401,2.7,152.8,1,0,309,331,102279,-0.199864522,0.010110425,-3.169686556
SKR_418_Seoul,Seoul,37.54,126.95,KOR,South Korea,East Asia,Asia,74,1815,19.8,1590.3,1,0,1190,1134,1349460,-0.1213324,0.003298193,-3.483030081
SPA_205_Seville,Seville,37.36,-5.97,ESP,Spain,Europe,Europe,12,295,1,58.5,1,0,1045,790,825550,-0.536292672,0.029463013,-7.902057648
SPA_192_Madrid,Madrid,40.39,-3.71,ESP,Spain,Europe,Europe,54,1273,5.6,527.2,1,0,1197,1162,1390914,-2.292582989,0.190867337,-14.64318085
SPA_166_Barcelona,Barcelona,41.47,2.13,ESP,Spain,Europe,Europe,38,881,4,310.8,1,1,719,655,470945,-1.162409306,0.092880774,-14.39804268
SUD_031_Khartoum,Khartoum,15.6,32.5,SDN,Sudan,Africa,Africa,37,1098,5.5,32.5,0,0,650,718,466700,-0.874127567,0.010399576,-5.373534679
SUD_043_Omdurman,Omdurman,15.65,32.48,SDN,Sudan,Africa,Africa,36,1068,5.4,32.4,0,0,590,877,517430,-0.723328352,0.005244887,-3.586642265
SWE_208_Stockholm,Stockholm,59.36,18.03,SWE,Sweden,Europe,Europe,33,523,1.6,170.4,1,0,482,462,222684,5.927435875,0.001570748,1.609981537
SWZ_181_Geneva,Geneva,46.2,6.15,CHE,Switzerland,Europe,Europe,12,257,0.6,90.1,1,0,714,694,495516,2.74665308,0.007918416,-1.925982356
SWZ_214_Zurich,Zurich,47.37,8.58,CHE,Switzerland,Europe,Europe,35,735,1.3,178.3,1,0,363,395,143385,-0.99401468,0.038382439,-8.512874603
SYR_322_Homs,Homs,34.73,36.73,SYR,Syria,West centre Asia,Asia,5,127,0.6,9.1,0,0,349,310,108190,0.024374485,0.000330426,-3.113893986
SYR_318_Damascus,Damascus,33.51,36.33,SYR,Syria,West centre Asia,Asia,17,438,3.1,28.5,0,0,870,807,702090,-0.615887582,0.004755435,-4.802114487
SYR_314_Aleppo,Aleppo,36.21,37.17,SYR,Syria,West centre Asia,Asia,12,299,2.1,12.4,0,0,724,508,367792,-0.636319518,0.000853508,-4.212330341
TJK_430_Dushanbe,Dushanbe,38.56,68.77,TJK,Tajikistan,West centre Asia,Asia,5,121,1.2,3.2,0,0,1127,1100,1239700,-0.407413304,0.013266387,-5.415637493
TZA_020_DaresSalaam,Dares Salaam,-6.83,39.21,TZA,Tanzania,Africa,Africa,22,672,5.5,45.2,0,1,1531,1837,2812447,-0.84485054,0.007912061,-5.337591171
THA_459_Bangkok,Bangkok,13.74,100.54,THA,Thailand,Southeast Asia,Asia,81,2423,15.3,1035.4,0,1,2391,1909,4564419,-3.422973633,0.120508553,-15.03116703
TOG_034_Lome,Lome,6.15,1.16,TGO,Togo,Africa,Africa,19,581,2.2,4.1,0,1,816,604,492864,0.425498277,0.041937547,-8.651973724
TSA_049_Tunis,Tunis,36.8,10.2,TUN,Tunisia,Africa,Africa,20,495,2.3,40,0,1,1019,1009,1028171,1.869600177,0.030758593,-8.674995422
TRK_426_Adana,Adana,37,35.33,TUR,Turkey,West centre Asia,Asia,6,148,0.6,39.6,0,0,2650,3208,8501200,-4.461421013,0.288080994,-23.52139091
TRK_428_Bursa,Bursa,40.24,29.04,TUR,Turkey,West centre Asia,Asia,13,307,1.5,87,0,0,2282,1842,4203444,-3.763023853,0.228209285,-45.00406647
TRK_427_Ankara,Ankara,39.94,32.79,TUR,Turkey,West centre Asia,Asia,19,451,3.5,202.4,0,0,1829,1741,3184289,-1.409406662,0.098793538,-12.9014864
TRK_436_Izmir,Izmir,38.46,27.18,TUR,Turkey,West centre Asia,Asia,21,509,3.1,162.3,0,1,2512,3224,8098688,-1.424371362,0.089902785,-14.7224474
TRK_432_Gaziantep,Gaziantep,37.07,37.37,TUR,Turkey,West centre Asia,Asia,7,173,1.4,39.3,0,0,4327,3549,15356523,-2.319711924,0.081675475,-12.52341938
TRK_435_Istanbul,Istanbul,41.04,28.96,TUR,Turkey,West centre Asia,Asia,41,957,12.7,659.7,0,1,4308,3947,17003676,0.642470241,0.021686194,-5.932045174
UAE_334_Sharjah,Sharjah,25.36,55.39,ARE,UAE,West centre Asia,Asia,9,251,3.9,194.4,0,1,906,699,633294,-1.078105092,0.026761034,-7.347240448
UAE_320_Dubai,Dubai,25.26,55.3,ARE,UAE,West centre Asia,Asia,9,251,3.9,194.4,0,1,2265,2160,4892400,-0.549847007,0.013230223,-5.120038986
UK_206_Sheffield,Sheffield,53.39,-1.39,GBR,UK,Europe,Europe,48,889,1.5,100.8,1,0,1200,733,879600,-0.727980077,0.005594144,-3.982292175
UK_188_Leeds,Leeds,53.73,-1.6,GBR,UK,Europe,Europe,50,918,2,155.7,1,0,599,524,313876,2.635403156,0.045311068,-9.096714973
UK_182_Glasgow,Glasgow,55.83,-4.26,GBR,UK,Europe,Europe,33,576,1.4,122.5,1,0,756,690,521640,-1.17208004,0.051587797,-10.25593185
UK_190_London,London,51.51,-0.15,GBR,UK,Europe,Europe,89,1719,9.5,1167,1,0,2220,1472,3267840,-0.571849704,0.062647372,-12.11695671
UK_193_Manchester,Manchester,53.52,-2.27,GBR,UK,Europe,Europe,59,1089,3,218.6,1,0,669,619,414111,-0.729728878,0.046699291,-9.73598671
UK_169_Birmingham,Birmingham,52.51,-1.96,GBR,UK,Europe,Europe,58,1095,3.2,230.4,1,0,1487,1590,2364330,-0.32521975,0.002751406,-4.025968552
UKA_186_Kiev,Kiev,50.43,30.49,UKR,Ukraine,Europe,Europe,41,810,3.2,132.6,0,0,1166,1204,1403864,0.335308909,0.046667715,-9.646421432
UKA_174_Dnipropetrovsk,Dnipropetrovsk,48.51,35.02,UKR,Ukraine,Europe,Europe,28,575,1.1,26.3,0,0,1046,741,775086,-0.134274155,0.003597477,-3.826822519
URY_285_Montevideo,Montevideo,-34.82,-56.12,URY,Uruguay,South America,South America,15,381,1.3,65.4,0,1,1217,885,1077045,-0.914014637,0.004448643,-4.375544548
USA_357_Houston,Houston,29.81,-95.34,USA,USA,North America,North America,114,3054,4.2,465.6,1,1,3606,3098,11171388,-5.800378799,0.240342726,-21.15003014
USA_367_Milwaukee,Milwaukee,43.05,-88.02,USA,USA,North America,North America,46,1041,1.2,155.8,1,0,435,774,336690,-2.256498098,0.106969878,-13.41351509
USA_373_Orlando,Orlando,28.53,-81.4,USA,USA,North America,North America,83,2251,2,232.9,1,0,895,936,837720,-1.001778364,0.084919338,-13.46592045
USA_356_FtWorth,Ft Worth,32.77,-97.27,USA,USA,North America,North America,76,1974,2.2,221.9,1,0,1278,1564,1998792,-1.624505758,0.105569789,-16.28568077
USA_394_WestPalmBeach,West Palm Beach,26.7,-80.17,USA,USA,North America,North America,40,1103,1.1,105.5,1,1,822,771,633762,-0.965670943,0.02644445,-7.14282608
USA_384_SanDiego,San Diego,32.75,-117.16,USA,USA,North America,North America,58,1506,2.6,366.1,1,1,3921,3503,13735263,-3.20798707,0.083662502,-12.38663292
USA_350_Columbus,Columbus,40.01,-82.99,USA,USA,North America,North America,54,1280,1.5,197.8,1,0,1274,1230,1567020,3.70104E-05,0.001750373,-2.674547434
USA_364_Memphis,Memphis,35.08,-89.96,USA,USA,North America,North America,14,354,0.4,50.7,1,0,1152,819,943488,-0.542670786,0.047569058,-9.732779503
USA_383_SanBernardino,San Bernardino,34.1,-117.3,USA,USA,North America,North America,62,1588,2.3,273.8,1,0,578,480,277440,-2.299114704,0.073224701,-11.04562187
USA_339_Atlanta,Atlanta,33.85,-84.38,USA,USA,North America,North America,110,2823,3.1,338.9,1,0,1424,1616,2301184,-0.042152822,0.06641093,-11.80192947
USA_343_Boston,Boston,42.32,-71.11,USA,USA,North America,North America,89,2037,3,539,1,1,1195,1152,1376640,1.00008893,0.000429681,-1.93382287
USA_372_Oakland,Oakland,37.78,-122.19,USA,USA,North America,North America,64,1564,3.4,383.2,1,1,518,535,277130,-2.737376451,0.052426074,-10.2101965
USA_365_Mesa,Mesa,33.42,-111.82,USA,USA,North America,North America,58,1496,2,183.1,1,0,726,679,492954,-0.275044709,0.050834658,-10.13928032
USA_392_VirginiaBeach,Virginia Beach,36.81,-76.13,USA,USA,North America,North America,21,520,0.6,84.1,1,1,1695,1359,2303505,-1.100213051,0.03459214,-8.184141159
USA_389_Tampa,Tampa,27.97,-82.49,USA,USA,North America,North America,77,2099,2,224.4,1,1,1103,1231,1357793,-0.493841439,0.03829492,-8.277891159
USA_342_Birmingham,Birmingham,33.49,-86.79,USA,USA,North America,North America,34,876,0.6,73.5,1,0,1896,1612,3056352,-4.96200943,0.114642232,-13.6158123
USA_382_SanAntonio,San Antonio,29.5,-98.5,USA,USA,North America,North America,45,1209,1.8,188.9,1,0,2153,2109,4540677,0.752370298,0.017911999,-6.240551472
USA_358_Indianapolis,Indianapolis,39.79,-86.16,USA,USA,North America,North America,69,1640,1.5,173.2,1,0,911,1089,992079,7.567E-06,0.000539686,-2.46293211
USA_385_SanFrancisco,San Francisco,37.78,-122.42,USA,USA,North America,North America,34,831,2.3,247.8,1,1,449,431,193519,-0.40258339,0.035113199,-7.600494385
USA_359_Irvine,Irvine,33.67,-117.82,USA,USA,North America,North America,69,1773,3.9,515.8,1,0,487,628,305836,-0.357328385,0.041699828,-9.293014526
USA_360_KansasCity,Kansas City,39.06,-94.6,USA,USA,North America,North America,72,1730,1.6,193.2,1,0,1045,995,1039775,-0.614433289,0.030926051,-7.941007614
USA_340_Austin,Austin,30.36,-97.76,USA,USA,North America,North America,41,1092,1.4,137.6,1,0,1007,1221,1229547,-0.373835117,0.030598845,-7.460614204
USA_363_LosAngeles,Los Angeles,34.05,-118.25,USA,USA,North America,North America,106,2716,9.7,1277.4,1,1,3598,3698,13305404,-2.513738871,0.030350209,-7.774368286
USA_386_SanJose,San Jose,37.32,-121.9,USA,USA,North America,North America,34,836,2,242.9,1,0,2475,1897,4695075,0.045208171,0.025566728,-5.953199863
USA_348_Cincinnati,Cincinnati,39.2,-84.48,USA,USA,North America,North America,65,1558,1.5,205.9,1,0,1376,1347,1853472,-0.168817014,0.009546757,-5.262478828
USA_341_Baltimore,Baltimore,39.25,-76.66,USA,USA,North America,North America,69,1653,2.2,368.4,1,1,1223,1106,1352638,-0.482830018,0.023177005,-6.565383434
USA_371_Norfolk,Norfolk,36.86,-76.26,USA,USA,North America,North America,43,1064,1.2,168.5,1,1,379,439,166381,-0.820805192,0.024190444,-7.025876045
USA_366_Miami,Miami,25.79,-80.33,USA,USA,North America,North America,54,1500,3,341,1,1,456,426,194256,-1.103261948,0.01103238,-4.092841148
USA_380_Raleigh,Raleigh,35.84,-78.72,USA,USA,North America,North America,36,902,0.9,91.2,1,0,818,698,570964,-0.982518733,0.018193014,-6.570244312
USA_351_Dallas,Dallas,32.84,-96.84,USA,USA,North America,North America,109,2829,4,431.5,1,0,3682,3385,12463570,-0.057222724,0.019815364,-5.022410393
USA_381_Sacramento,Sacramento,38.61,-121.4,USA,USA,North America,North America,49,1184,1.9,228.7,1,0,791,835,660485,1.065023184,0.017429194,-3.708136559
USA_378_Portland,Portland,45.51,-122.65,USA,USA,North America,North America,61,1324,2.1,220.2,1,0,874,529,462346,-0.991066217,0.010303702,-4.65537262
USA_370_NewYork,New York,40.79,-74,USA,USA,North America,North America,86,2015,12.1,2141.7,1,1,3985,2185,8707225,-1.819886208,0.014348485,-5.159655571
USA_345_Buffalo,Buffalo,42.96,-78.85,USA,USA,North America,North America,45,1020,1.1,171.9,1,0,256,393,100608,-1.056547642,0.003207984,-4.22289753
USA_388_StLouis,St Louis,38.65,-90.26,USA,USA,North America,North America,73,1764,1.7,231.9,1,0,832,1277,1062464,-0.397852331,0.00944746,-4.449221611
USA_353_Detroit,Detroit,42.37,-83.13,USA,USA,North America,North America,84,1921,2.8,364.2,1,0,1599,1387,2217813,-1.08108294,0.010548461,-5.170485497
USA_368_Minneapolis,Minneapolis,44.95,-93.28,USA,USA,North America,North America,95,2083,2.5,369.5,1,0,276,473,130548,-0.114445083,0.010728771,-4.727556229
USA_393_WashingtonDC,Washington DC,38.9,-77.04,USA,USA,North America,North America,94,2263,3.9,637.5,1,0,561,635,356235,-0.392179102,0.004544708,-2.952973127
USA_379_Providence,Providence,41.84,-71.39,USA,USA,North America,North America,61,1407,1.1,191.8,1,1,243,288,69984,-0.661103725,0.002213183,-3.268764257
USA_377_Pittsburgh,Pittsburgh,40.43,-79.98,USA,USA,North America,North America,58,1366,1.3,192.7,1,0,522,438,228636,-0.582023621,0.00824449,-4.5420084
USA_347_Chicago,Chicago,41.81,-87.81,USA,USA,North America,North America,100,2307,5.4,796.5,1,0,1491,1772,2642052,0.322065294,0.009875717,-4.273137093
USA_362_LongBeach,Long Beach,33.77,-118.2,USA,USA,North America,North America,72,1847,6.6,896.1,1,1,599,552,330648,0.129282922,0.007872285,-4.046495438
USA_344_Bridgeport,Bridgeport,41.24,-73.16,USA,USA,North America,North America,41,954,1,156.1,1,1,269,304,81776,-0.851081431,0.007496042,-4.311388493
USA_376_Phoenix,Phoenix,33.5,-112.06,USA,USA,North America,North America,80,2061,3.4,314.6,1,0,2105,1619,3407995,-1.070986271,0.006478006,-3.773156166
USA_387_Seattle,Seattle,47.6,-123.33,USA,USA,North America,North America,64,1338,2.1,255,1,1,394,702,276588,-0.178182855,0.002990956,-2.686252356
USA_355_FortLauderdale,Fort Lauderdale,26.11,-80.25,USA,USA,North America,North America,50,1385,2.7,295.6,1,1,328,515,168920,-0.755432725,0.005523802,-4.442030907
USA_375_Philadelphia,Philadelphia,39.99,-75.16,USA,USA,North America,North America,108,2561,4.2,627.4,1,0,1262,1199,1513138,0.419462264,0.004542782,-2.594851017
USA_349_Cleveland,Cleveland,41.42,-81.66,USA,USA,North America,North America,57,1323,1.5,189.6,1,0,723,580,419340,-0.681757748,0.006388039,-4.604189873
USA_352_Denver,Denver,39.73,-104.98,USA,USA,North America,North America,69,1642,2.6,320.6,1,0,978,839,820542,-0.886915863,0.001710552,-3.589708328
USA_361_LasVegas,Las Vegas,36.13,-115.17,USA,USA,North America,North America,40,999,2.3,184.4,1,0,1012,1078,1090936,-0.742887497,0.000296584,-5.596195221
UZB_442_Tashkent,Tashkent,41.29,69.24,UZB,Uzbekistan,West centre Asia,Asia,28,651,3.7,60.4,0,0,2945,2822,8310790,-0.631042659,0.008196888,-5.136722088
VEN_310_Valencia,Valencia,10.2,-67.98,VEN,Venezuela,South America,South America,12,364,1.4,5.3,0,1,993,817,811281,0.875935674,0.019679845,-6.319191933
VEN_280_Maracaibo,Maracaibo,10.61,-71.64,VEN,Venezuela,South America,South America,8,242,1.5,78.5,0,1,1344,1292,1736448,0.27748549,0.00399951,-3.435046673
VEN_266_Caracas,Caracas,10.48,-66.91,VEN,Venezuela,South America,South America,14,424,5.7,85.5,0,0,1355,903,1223565,-0.589568257,0.024194217,-7.51276207
VEN_256_Barquisimeto,Barquisimeto,10.05,-69.37,VEN,Venezuela,South America,South America,8,243,0.9,18.8,0,0,534,241,128694,-0.110893324,0.00781412,-3.079662085
VEN_281_Maracay,Maracay,10.22,-67.55,VEN,Venezuela,South America,South America,11,333,0.9,43.6,0,0,444,416,184704,-0.754750729,0.000656391,-4.037801266
VNA_466_HoChiMinhCity,Ho Chi Minh City,10.87,106.73,VNM,Vietnam,Southeast Asia,Asia,40,1209,11.8,158.4,0,1,2823,2740,7735020,-7.425767899,0.430575683,-51.02854156
VNA_461_CanTho,Can Tho,10.03,105.78,VNM,Vietnam,Southeast Asia,Asia,1,30,0.3,0,0,0,2119,1568,3322592,-4.818827629,0.312518309,-25.00813484
VNA_465_Hanoi,Hanoi,21.05,105.86,VNM,Vietnam,Southeast Asia,Asia,17,489,4.5,44.1,0,0,2877,3118,8970486,-2.571088552,0.196082163,-21.03204536
VNA_075_Haiphong,Haiphong,20.85,106.68,VNM,Vietnam,Southeast Asia,Asia,6,173,0.9,15.6,0,1,398,238,94724,-1.255395889,0.042745769,-9.409209251
YEM_333_Sanaa,Sanaa,15.39,44.22,YEM,Yemen,West centre Asia,Asia,9,267,2.8,22.3,0,0,540,859,463860,-1.140696406,0.07024584,-12.60944939
ZAM_037_Lusaka,Lusaka,-15.41,28.31,ZMB,Zambia,Africa,Africa,15,445,2.6,19.4,0,0,822,696,572112,-0.924500346,0.003812814,-4.437951088
